{
    "Markers": [
        {
            "deleted": false,
            "endDatetime": "2024-12-16T20:36:53.889308-06:00",
            "extras": {
            },
            "index": 1,
            "label": "Eyes Opened",
            "originalEndDatetime": "2024-12-16T20:36:53.891763-06:00",
            "originalStartDatetime": "2024-12-16T20:35:53.924286-06:00",
            "port": "Baseline EmotivPRO",
            "startDatetime": "2024-12-16T20:35:53.921535-06:00",
            "type": "interval",
            "uuid": "5dca4cd8-6b82-4def-84b6-8ebd632c3d2c",
            "value": 1
        },
        {
            "deleted": false,
            "endDatetime": "2024-12-16T20:37:58.885630-06:00",
            "extras": {
            },
            "index": 2,
            "label": "Eyes Closed",
            "originalEndDatetime": "2024-12-16T20:37:58.884012-06:00",
            "originalStartDatetime": "2024-12-16T20:36:58.891426-06:00",
            "port": "Baseline EmotivPRO",
            "startDatetime": "2024-12-16T20:36:58.894431-06:00",
            "type": "interval",
            "uuid": "d2888ac3-3432-4535-a83f-91408b699153",
            "value": 3
        }
    ],
    "connectionType": "dongle",
    "exportApp": "com.emotiv.emotivpro",
    "exportTime": "2024-12-16T20:40:07.312-06:00",
    "headsetType": "EPOCX",
    "mappings": null,
    "montageType": "UNKNOWN",
    "recordId": "79bf21e8-f4c7-409c-8bb9-9992d05e11c2",
    "user": "michaelcfisher"
}
